score,title,company,location,countries,posted,url,source,department,contract_type,matched,first_seen,flags
132,Namibian Oil & Gas Project - Airswift,Airswift,Namibia,Namibia,2026-06-29,https://www.airswift.com/jobs/namibian-oil-gas-project-airswift-1276315,airswift,,Contract,"Namibia, fpso, offshore, subsea, commissioning, drilling, wells, piping, inspection, hse",2026-08-20 08:49:40,rotational
117,OSBL Area 3 - Field Construction Superintendent - Utilities,Aldelia,Mozambique,Mozambique,,https://app.beehire.com/invite/jKNHd0IK1,aldelia,,fixedTerm,"Mozambique, commissioning, pipeline, piping, welding, qa/qc, quality control, hse, safety, mechanical",2026-08-21 05:20:38,
114,Operations coordinator(RSESD),Aldelia,Uganda,Uganda,,https://app.beehire.com/invite/035yob82z,aldelia,,fixedTerm,"Uganda, offshore, shutdown, drilling, inspection, hse, safety, mechanical, integrity, reliability",2026-08-21 05:20:38,
107,Civil Structure Lead,Aldelia,Mozambique,Mozambique,,https://app.beehire.com/invite/sqUocIkN1,aldelia,,fixedTerm,"Mozambique, lng, commissioning, piping, qa/qc, hse, safety, mechanical, electrical, instrumentation",2026-08-21 05:20:38,
106,Rotating Supervisor,Aldelia,Mozambique,Mozambique,,https://app.beehire.com/invite/epr9RZLHx,aldelia,,fixedTerm,"Mozambique, lng, commissioning, rotating equipment, piping, qa/qc, inspection, hse, safety, mechanical",2026-08-21 05:20:38,
105,FPSO Marine System Engineer,Aldelia,Namibia,Namibia,,https://app.beehire.com/invite/PWveMvWOQ,aldelia,,fixedTerm,"Namibia, fpso, commissioning, piping, qa/qc, safety, mechanical, electrical, instrumentation, corrosion",2026-08-21 05:20:38,
105,Company Site Representative,Aldelia,Mozambique,Mozambique,,https://app.beehire.com/invite/MuObs-oGu,aldelia,,fixedTerm,"Mozambique, lng, offshore, subsea, wells, welding, quality control, hse, safety, corrosion",2026-08-21 05:20:38,
104,Senior Mechanical Engineer,Aldelia,"Emirates - World Islands - Dubai - United Arab Emirates, Dubai, United Arab Emirates",United Arab Emirates,,https://app.beehire.com/invite/6d_rXLxvX,aldelia,,permanent,"United Arab Emirates, offshore, commissioning, pipeline, piping, inspection, safety, mechanical, structural, reliability",2026-08-21 05:20:38,
102,Mechanical Commissioning Supervisor,Aldelia,"Dubai - United Arab Emirates, Dubai, United Arab Emirates",United Arab Emirates,,https://app.beehire.com/invite/g2HOa4TQW,aldelia,,permanent,"United Arab Emirates, commissioning, shutdown, completions, rotating equipment, piping, safety, mechanical, integrity, maintenance",2026-08-21 05:20:38,
97,Technical Manager Terminals,TotalEnergies,"MAPUTO, Mozambique",Mozambique,,https://jobs.totalenergies.com/en_US/careers/JobDetail/Technical-Manager-Terminals/83446,totalenergies,,,"Mozambique, shutdown, inspection, hse, safety, mechanical, electrical, civil, integrity, reliability",2026-08-20 08:44:59,
97,Construction Superintendent (Piping),Airswift,"Sohar, Oman",Oman,2026-05-25,https://www.airswift.com/jobs/construction-superintendent-piping-1273573,airswift,,Contract,"Oman, lng, offshore, commissioning, completions, piping, hse, safety, mechanical, operations",2026-08-21 05:56:16,
95,Landfall Field Engineer / Onshore Works Lead,Aldelia,Mozambique,Mozambique,,https://app.beehire.com/invite/R1YbMh8yX,aldelia,,fixedTerm,"Mozambique, lng, offshore, subsea, commissioning, pipeline, mechanical, civil, engineer, manager",2026-08-21 05:20:38,
94,FPSO Lead HVAC Engineer,Aldelia,Namibia,Namibia,,https://app.beehire.com/invite/9DbRCQVDE,aldelia,,permanent,"Namibia, fpso, offshore, commissioning, hse, safety, mechanical, electrical, instrumentation, production",2026-08-21 05:20:38,
93,Field Construction Superintendent – Utilities,Aldelia,Mozambique,Mozambique,,https://app.beehire.com/invite/qI6Sfw805,aldelia,,fixedTerm,"Mozambique, lng, commissioning, pipeline, qa/qc, quality control, hse, safety, operations, superintendent",2026-08-21 05:20:38,
93,Various vacancies: Preparation Manager/Preparers/Field Engineers (Expats),Aldelia,Angola,Angola,,https://app.beehire.com/invite/MV4KEyX3G,aldelia,,fixedTerm,"Angola, offshore, commissioning, qa/qc, inspection, hse, safety, mechanical, electrical, instrumentation",2026-08-21 05:20:38,
92,FPSO QA/QC Lead,Aldelia,Namibia,Namibia,,https://app.beehire.com/invite/K0xap1nKc,aldelia,,permanent,"Namibia, fpso, commissioning, piping, welding, qa/qc, quality control, inspection, mechanical, structural",2026-08-21 05:20:38,
92,ICSS Commissioning Engineer,Aldelia,Uganda,Uganda,,https://app.beehire.com/invite/FIQ_-Ola8,aldelia,,fixedTerm,"Uganda, offshore, commissioning, drilling, hse, mechanical, electrical, instrumentation, instrument, maintenance",2026-08-21 05:20:38,
92,Instrument Commissioning Engineer,Aldelia,Uganda,Uganda,,https://app.beehire.com/invite/kqi4AXmJq,aldelia,,fixedTerm,"Uganda, offshore, commissioning, drilling, hse, mechanical, electrical, instrumentation, instrument, maintenance",2026-08-21 05:20:38,
91,SURF Lead Flowlines Engineer,Aldelia,Namibia,Namibia,,https://app.beehire.com/invite/tl01wVlLp,aldelia,,fixedTerm,"Namibia, offshore, subsea, commissioning, qa/qc, hse, safety, operations, production, engineer",2026-08-21 05:20:38,
91,Start Up Support Supervisor CPF - Relaunch,Aldelia,Uganda,Uganda,,https://app.beehire.com/invite/aPSASVR97,aldelia,,fixedTerm,"Uganda, shutdown, drilling, wells, safety, mechanical, electrical, maintenance, operations, production",2026-08-21 05:20:38,
91,"Mechanical Supervisor – Rotating Equipment (Pumps, Gearboxes, Compressors)-Open to Locals, not expats",Aldelia,Angola,Angola,,https://app.beehire.com/invite/s5vVNLYQf,aldelia,,fixedTerm,"Angola, offshore, rotating equipment, inspection, hse, safety, mechanical, reliability, maintenance, operations",2026-08-21 05:20:38,
90,Civil / Structure Engineer,Aldelia,Mozambique,Mozambique,,https://app.beehire.com/invite/QLCWCyeB7,aldelia,,fixedTerm,"Mozambique, lng, commissioning, hse, safety, mechanical, civil, structural, integrity, engineer",2026-08-21 05:20:38,
89,"Site Static Lead — Piping, Valves & Vessels",Aldelia,Mozambique,Mozambique,,https://app.beehire.com/invite/-RxMN4dCH,aldelia,,fixedTerm,"Mozambique, commissioning, static equipment, piping, welding, qa/qc, hse, mechanical, electrical, instrumentation",2026-08-21 05:20:38,
89,Senior Well Site Geologist,Aldelia,Namibia,Namibia,,https://app.beehire.com/invite/ID7Lmm6Ep,aldelia,,fixedTerm,"Namibia, offshore, drilling, wells, quality control, hse, safety, structural, operations, supervisor",2026-08-21 05:20:38,
89,Senior ICSS/Instrument Engineer,Aldelia,Uganda,Uganda,,https://app.beehire.com/invite/tqcrdWk4G,aldelia,,fixedTerm,"Uganda, commissioning, inspection, safety, instrumentation, instrument, integrity, maintenance, operations, production",2026-08-21 05:20:38,
87,Lifting / Rigging Specialist,Aldelia,"Dubai - United Arab Emirates, Dubai, United Arab Emirates",United Arab Emirates,,https://app.beehire.com/invite/JsNCGwOzH,aldelia,,fixedTerm,"United Arab Emirates, pipeline, inspection, hse, safety, mechanical, integrity, maintenance, operations, superintendent",2026-08-21 05:20:38,
86,Smart Room - Maintenance Engineer,Aldelia,Uganda,Uganda,,https://app.beehire.com/invite/A9rmkJevQ,aldelia,,fixedTerm,"Uganda, shutdown, hse, safety, mechanical, electrical, reliability, maintenance, operations, production",2026-08-21 05:20:38,
86,Turnover Engineer,Aldelia,United Arab Emirates,United Arab Emirates,,https://app.beehire.com/invite/qeWchZY5z,aldelia,,fixedTerm,"United Arab Emirates, offshore, commissioning, completions, inspection, mechanical, electrical, instrument, maintenance, operations",2026-08-21 05:20:38,
86,Maintenance & Inspection (M&I) Campaign Coordinator (Relaunch),Aldelia,Uganda,Uganda,,https://app.beehire.com/invite/v1lq4VYaR,aldelia,,fixedTerm,"Uganda, fpso, drilling, inspection, hse, integrity, maintenance, operations, superintendent, planner",2026-08-21 05:20:38,
86,Senior Materialsman,Aldelia,"Dubai - United Arab Emirates, Dubai, United Arab Emirates",United Arab Emirates,,https://app.beehire.com/invite/FBJiCp5K_,aldelia,,fixedTerm,"United Arab Emirates, offshore, drilling, inspection, safety, integrity, operations, production, supervisor, superintendent",2026-08-21 05:20:38,
85,Lead Electrical HVAC Engineer (Maintenance and Operational Plant),Aldelia,"Kampala, Uganda, Kampala, Uganda",Uganda,,https://app.beehire.com/invite/j_R5JKwRQ,aldelia,,fixedTerm,"Uganda, commissioning, inspection, electrical, instrumentation, maintenance, operations, production, engineer, procurement",2026-08-21 05:20:38,
83,Supply Chain and Procurement Director Tanzania (Locals),Aldelia,Tanzania,Tanzania,,https://app.beehire.com/invite/9eCDHFOSV,aldelia,,permanent,"Tanzania, lng, offshore, drilling, pipeline, maintenance, operations, production, contracts, procurement",2026-08-21 05:20:38,
83,Gas Insulated Switchgear (GIS) Technician Onshore (Maintenance),Aldelia,"Dubai - United Arab Emirates, Dubai, United Arab Emirates",United Arab Emirates,,https://app.beehire.com/invite/Xeumr_gEq,aldelia,,permanent,"United Arab Emirates, piping, safety, electrical, instrumentation, reliability, maintenance, operations, technician, supervisor",2026-08-21 05:20:38,
81,Confirmed Wellsite Geologist,Aldelia,Uganda,Uganda,,https://app.beehire.com/invite/FHkPasI5X,aldelia,,permanent,"Uganda, drilling, quality control, hse, safety, electrical, reliability, maintenance, operations, production",2026-08-21 05:20:38,
81,Senior Wellsite Geologist,Aldelia,Uganda,Uganda,,https://app.beehire.com/invite/gTU--XpTz,aldelia,,fixedTerm,"Uganda, drilling, quality control, hse, safety, electrical, reliability, maintenance, operations, production",2026-08-21 05:20:38,
79,Lead Contracts Engineer,Aldelia,Uganda,Uganda,,https://app.beehire.com/invite/GuBMEKXbr,aldelia,,fixedTerm,"Uganda, offshore, drilling, civil, maintenance, operations, production, engineer, manager, contracts",2026-08-21 05:20:38,
78,Drilling & Wells (DW) Operations Safety Leader (OSL),Aldelia,"Kampala, Uganda, Kampala, Uganda",Uganda,,https://app.beehire.com/invite/LXZpTrnW3,aldelia,,fixedTerm,"Uganda, drilling, wells, hse, safety, reliability, operations, contracts, project, rotational",2026-08-21 05:20:38,
78,Filling Centre Superintendent,TotalEnergies,"CAPE TOWN, South Africa",South Africa,,https://jobs.totalenergies.com/en_US/careers/JobDetail/Filling-Centre-Superintendent-Blackheath/83302,totalenergies,,,"South Africa, hse, safety, mechanical, electrical, instrumentation, integrity, operations, production, superintendent",2026-08-20 08:44:59,
77,ASI (Ancillary Site Infrastructure) Other Superintendent,Aldelia,Mozambique,Mozambique,,https://app.beehire.com/invite/C0TfCwcTf,aldelia,,fixedTerm,"Mozambique, commissioning, hse, safety, mechanical, electrical, civil, structural, superintendent, project",2026-08-21 05:20:38,
77,Package Superintendent - Warm End,Aldelia,Mozambique,Mozambique,,https://app.beehire.com/invite/zzBEnjPx6,aldelia,,permanent,"Mozambique, lng, commissioning, hse, safety, superintendent, project, rotational",2026-08-21 05:20:38,
77,OSBL Area 4 Manager (Power Generation),Aldelia,Mozambique,Mozambique,,https://app.beehire.com/invite/UXjXfrncV,aldelia,,permanent,"Mozambique, lng, commissioning, piping, hse, safety, civil, manager, project",2026-08-21 05:20:38,
77,ToolPusher (Jack-up/JU),Aldelia,United Arab Emirates,United Arab Emirates,,https://app.beehire.com/invite/Z2HEq-Dh2,aldelia,,fixedTerm,"United Arab Emirates, offshore, subsea, drilling, workover, hse, operations, supervisor, project",2026-08-21 05:20:38,
76,Senior Instrument Commissioning Engineer,Aldelia,"Dubai - United Arab Emirates, Dubai, United Arab Emirates",United Arab Emirates,,https://app.beehire.com/invite/xqD5KOBHO,aldelia,,permanent,"United Arab Emirates, commissioning, safety, electrical, instrumentation, instrument, reliability, operations, engineer, project",2026-08-21 05:20:38,
76,Commissioning Site Leader ‐ Well‐pad & Pipeline,Aldelia,"Bulisa, Uganda, Uganda",Uganda,,https://app.beehire.com/invite/4ef9TMzD8,aldelia,,fixedTerm,"Uganda, offshore, commissioning, pipeline, maintenance, operations, production, project, rotational",2026-08-21 05:20:38,
76,Lifting Appointed Person,Airswift,"ABU DHABI, United Arab Emirates",United Arab Emirates,2026-08-19,https://www.airswift.com/jobs/lifting-appointed-person-1278923,airswift,,Contract,"United Arab Emirates, offshore, inspection, hse, mechanical, operations, project",2026-08-21 05:56:16,
75,Precom Umbilicals Engineer,Aldelia,Mozambique,Mozambique,,https://app.beehire.com/invite/v8LtEtpE1,aldelia,,fixedTerm,"Mozambique, offshore, commissioning, pipeline, hse, safety, operations, engineer, project",2026-08-21 05:20:38,
75,Driller (Jack-up/JU),Aldelia,United Arab Emirates,United Arab Emirates,,https://app.beehire.com/invite/Whu-hwr7T,aldelia,,fixedTerm,"United Arab Emirates, offshore, subsea, drilling, safety, maintenance, operations, supervisor, project",2026-08-21 05:20:38,
75,Project Safety Officer,Airswift,"Doha, Ad Dawhah, Qatar",Qatar,2026-07-13,https://www.airswift.com/jobs/project-safety-officer-1276909,airswift,,Contract,"Qatar, commissioning, inspection, hse, safety, supervisor, engineer, contracts, project, residential",2026-08-21 05:56:16,
74,Project Manager - Upstream oil & gas Sector,Aldelia,Tanzania,Tanzania,,https://app.beehire.com/invite/XuOgrgj2C,aldelia,,permanent,"Tanzania, inspection, hse, integrity, maintenance, operations, production, superintendent, manager, project",2026-08-21 05:20:38,
74,Surface Quality Surveillance Leader,Aldelia,Uganda,Uganda,,https://app.beehire.com/invite/ffJciInFo,aldelia,,fixedTerm,"Uganda, qa/qc, quality control, inspection, hse, engineer, manager, procurement, document control, project",2026-08-21 05:20:38,
74,Lead Contract & Procurement Engineer (Locals),Aldelia,Namibia,Namibia,,https://app.beehire.com/invite/Dl3ysJV2G,aldelia,,permanent,"Namibia, offshore, drilling, wells, safety, integrity, engineer, contracts, procurement",2026-08-21 05:20:38,
73,FPSO Planner / Reporting,Aldelia,Namibia,Namibia,,https://app.beehire.com/invite/fjQ2stwa8,aldelia,,permanent,"Namibia, fpso, offshore, commissioning, engineer, planner, procurement, project",2026-08-21 05:20:38,
73,Turnaround Shutdown Planner,Aldelia,Angola,Angola,,https://app.beehire.com/invite/JW8ptlu8y,aldelia,,fixedTerm,"Angola, offshore, turnaround, shutdown, maintenance, operations, engineer, planner, project",2026-08-21 05:20:38,
73,Piping Process Commissioning Engineer,Aldelia,Uganda,Uganda,,https://app.beehire.com/invite/NnrrV6Ojx,aldelia,,fixedTerm,"Uganda, commissioning, drilling, piping, safety, operations, engineer, manager, project",2026-08-21 05:20:38,
73,OSBL Area 4 Field Superintendent – Power Generation,Aldelia,Mozambique,Mozambique,,https://app.beehire.com/invite/y17zk63oQ,aldelia,,fixedTerm,"Mozambique, commissioning, hse, safety, electrical, instrument, superintendent, manager, project",2026-08-21 05:20:38,
72,FPSO HSE Lead / Manager,Aldelia,Namibia,Namibia,,https://app.beehire.com/invite/lhSrtswa_,aldelia,,permanent,"Namibia, fpso, commissioning, hse, safety, manager, procurement, project",2026-08-21 05:20:38,
72,SURF Package HSE lead,Aldelia,Namibia,Namibia,,https://app.beehire.com/invite/-RnSvXY1m,aldelia,,fixedTerm,"Namibia, offshore, subsea, pipeline, hse, mechanical, structural, operations",2026-08-21 05:20:38,
72,SPS Package HSE Lead,Aldelia,Namibia,Namibia,,https://app.beehire.com/invite/V-at-VQ_i,aldelia,,fixedTerm,"Namibia, offshore, subsea, hse, safety, operations, production, manager, project",2026-08-21 05:20:38,
72,Revamping Coordinator – Offshore,Aldelia,Angola,Angola,,https://app.beehire.com/invite/Hm2a3_LCV,aldelia,,fixedTerm,"Angola, offshore, shutdown, hse, safety, structural, maintenance, operations, project",2026-08-21 05:20:38,
72,"Construction Engineer (Multi-disciplined in civil, mechanical, piping, and Electrical and Instrumentation)",Aldelia,United Arab Emirates,United Arab Emirates,,https://app.beehire.com/invite/1jRICCFWI,aldelia,,fixedTerm,"United Arab Emirates, piping, mechanical, electrical, instrumentation, civil, engineer, manager, procurement, project",2026-08-21 05:20:38,
72,Senior Project Engineer - Concept to System Operation,Aldelia,United Arab Emirates,United Arab Emirates,,https://app.beehire.com/invite/7P3mW000q,aldelia,,fixedTerm,"United Arab Emirates, offshore, hse, safety, operations, production, engineer, procurement, project, residential",2026-08-21 05:20:38,
72,VIE,TotalEnergies,"LUANDA, Angola",Angola,,https://jobs.totalenergies.com/en_US/careers/JobDetail/VIE-Ing-nieur-en-G-nie-lectrique-H-F-Angola/83359,totalenergies,,,"Angola, offshore, inspection, electrical, integrity, maintenance, operations, production, engineer",2026-08-20 08:44:59,
71,Technical Assistant,Aldelia,Uganda,Uganda,,https://app.beehire.com/invite/SqnZ6GlnG,aldelia,,fixedTerm,"Uganda, hse, safety, civil, structural, maintenance, superintendent, engineer, project, camp",2026-08-21 05:20:38,
71,Major Works & Class Special Survey Engineer - Locals (Ghanaian),Aldelia,"Accra, Ghana, Accra, Ghana",Ghana,,https://app.beehire.com/invite/SkeZJ0Hbb,aldelia,,fixedTerm,"Ghana, fpso, offshore, safety, maintenance, operations, production, engineer",2026-08-21 05:20:38,
70,Precom Pipelines Engineer,Aldelia,Mozambique,Mozambique,,https://app.beehire.com/invite/LpbnuqXaq,aldelia,,permanent,"Mozambique, offshore, commissioning, hse, safety, operations, engineer, project",2026-08-21 05:20:38,
70,Mechanical Technician (UAE Locals/Expats) - Onshore,Aldelia,United Arab Emirates,United Arab Emirates,,https://app.beehire.com/invite/wDojqmuKK,aldelia,,permanent,"United Arab Emirates, static equipment, piping, mechanical, electrical, instrumentation, maintenance, technician",2026-08-21 05:20:38,
69,"Base Manager (Oil ang gas, LNG)",Aldelia,Mozambique,Mozambique,,https://app.beehire.com/invite/IMtcK7dyk,aldelia,,fixedTerm,"Mozambique, lng, hse, safety, maintenance, operations, manager, camp",2026-08-21 05:20:38,
69,Planning and Scheduling Lead (Offshore),Aldelia,"Dubai - United Arab Emirates, Dubai, United Arab Emirates",United Arab Emirates,,https://app.beehire.com/invite/h_5HHHvz4,aldelia,,permanent,"United Arab Emirates, offshore, turnaround, shutdown, maintenance, production, procurement, project",2026-08-21 05:20:38,
69,Senior Electrical Engineer (Maintenance),Aldelia,Uganda,Uganda,,https://app.beehire.com/invite/_zFk2itOo,aldelia,,fixedTerm,"Uganda, electrical, maintenance, operations, production, engineer, contracts, rotational, residential",2026-08-21 05:20:38,
68,Area Leader - Oil Treatment Unit,Aldelia,"Bulisa, Uganda, Bulisa, Uganda",Uganda,,https://app.beehire.com/invite/nOe_OtGiy,aldelia,,fixedTerm,"Uganda, commissioning, mechanical, electrical, instrumentation, project, rotational",2026-08-21 05:20:38,
67,"Group General Manager (Piling, Geotechnical, Civil Engineering)",Aldelia,"Kampala, Uganda, Kampala, Uganda",Uganda,,https://app.beehire.com/invite/9p5m-KVMF,aldelia,,permanent,"Uganda, safety, civil, integrity, maintenance, operations, manager, procurement, project",2026-08-21 05:20:38,
66,FPSO 3D Model Specialist,Aldelia,Namibia,Namibia,,https://app.beehire.com/invite/L5sa_i21x,aldelia,,permanent,"Namibia, fpso, offshore, commissioning, integrity",2026-08-21 05:20:38,
66,"Construction Supervisor Offshore (Installation, Maintenance, and Repair)",Aldelia,United Arab Emirates,United Arab Emirates,,https://app.beehire.com/invite/yQk2k7Zsa,aldelia,,permanent,"United Arab Emirates, offshore, safety, maintenance, production, supervisor, superintendent",2026-08-21 05:20:38,
66,Emergency Response Coordinator Lead,Aldelia,Mozambique,Mozambique,,https://app.beehire.com/invite/ss_El_COE,aldelia,,permanent,"Mozambique, lng, hse, safety, maintenance, manager, project",2026-08-21 05:20:38,
65,"Recruitment Campaign 2 for Asia, Europe, South America (Locals and expats)",Aldelia,,South Sudan,,https://app.beehire.com/invite/0yk-StsLO,aldelia,,fixedTerm,"South Sudan, fpso, hse, safety, engineer, manager, project",2026-08-21 05:20:38,
64,Legal Affairs and Compliance Manager - Cape Town,TotalEnergies,"CAPE TOWN, South Africa",South Africa,,https://jobs.totalenergies.com/en_US/careers/JobDetail/Legal-Affairs-and-Compliance-Manager-Cape-Town/83265,totalenergies,,,"South Africa, safety, civil, reliability, operations, manager, contracts, procurement",2026-08-21 05:25:38,
64,HSE Supervisor ISBL,Aldelia,Mozambique,Mozambique,,https://app.beehire.com/invite/NLDPGS8Am,aldelia,,fixedTerm,"Mozambique, lng, hse, safety, supervisor, manager",2026-08-21 05:20:38,
64,Legal Affairs and Compliance Manager,TotalEnergies,"CAPE TOWN, South Africa",South Africa,,https://jobs.totalenergies.com/en_US/careers/JobDetail/Legal-Affairs-and-Compliance-Manager-Cape-Town/83265,totalenergies,,,"South Africa, safety, civil, reliability, operations, manager, contracts, procurement",2026-08-20 08:44:59,
63,Site Document Controller,Aldelia,"Cabo Delgado, Moçambique, Moçambique",Mozambique,,https://app.beehire.com/invite/r_PlGit8s,aldelia,,permanent,"Mozambique, integrity, maintenance, operations, manager, contracts, document control, project",2026-08-21 05:20:38,
63,"Second Engineer (PSV, AHTS Vessel experienced)",Aldelia,United Arab Emirates,United Arab Emirates,,https://app.beehire.com/invite/xMqK68kJ5,aldelia,,fixedTerm,"United Arab Emirates, offshore, safety, electrical, maintenance, engineer, project",2026-08-21 05:20:38,
62,"Construction & Installation Supervisor (Off. Structural & Piping), Doha",Airswift,"Doha, Ad Dawhah, Qatar",Qatar,,https://www.airswift.com/jobs/construction-installation-supervisor-off.-structural-piping-1267462,airswift,,,"Qatar, offshore, piping, safety, structural, supervisor",2026-08-21 05:56:16,
62,Processing Engineer Superintendent,Aldelia,"Cabo Delgado, Moçambique, Moçambique",Mozambique,,https://app.beehire.com/invite/lrcvSQJpp,aldelia,,permanent,"Mozambique, safety, maintenance, operations, production, superintendent, engineer",2026-08-21 05:20:38,
62,Onshore_Quality & Performance Coordinator,Aldelia,Mozambique,Mozambique,,https://app.beehire.com/invite/ZjgTpaHy4,aldelia,,fixedTerm,"Mozambique, commissioning, quality control, integrity, manager, project",2026-08-21 05:20:38,
62,HSE Advisor,Aldelia,"Cabo Delgado Province, Mozambique, Mozambique",Mozambique,,https://app.beehire.com/invite/TIdBTFRsu,aldelia,,fixedTerm,"Mozambique, hse, safety, operations, superintendent, manager, project",2026-08-21 05:20:38,
62,Package Superintendent - Cold End,Aldelia,Mozambique,Mozambique,,https://app.beehire.com/invite/x6FtQCt8I,aldelia,,fixedTerm,"Mozambique, hse, safety, superintendent, project, rotational",2026-08-21 05:20:38,
62,ISBL Field Construction Superintendent - Tanks,Aldelia,Mozambique,Mozambique,,https://app.beehire.com/invite/7Rh6EfT0n,aldelia,,permanent,"Mozambique, lng, hse, safety, superintendent",2026-08-21 05:20:38,
62,"Hydrotest Supervisor (Open to Junior or Interns, EU residents or EU work permit holders)",Aldelia,,Saudi Arabia,,https://app.beehire.com/invite/zQzfn9SJg,aldelia,,fixedTerm,"Saudi Arabia, offshore, mechanical, supervisor, project, rotational",2026-08-21 05:20:38,rotational
62,CARD COMPLIANCE Officer,Aldelia,Uganda,Uganda,,https://app.beehire.com/invite/R7Tymh1FVwi,aldelia,,permanent,"Uganda, integrity, operations, production, manager, contracts, procurement, project",2026-08-21 05:20:38,
62,|Energy Trading| Trade Invoicing Operator,TotalEnergies,"ATHENS, Greece",United Arab Emirates,,https://jobs.totalenergies.com/en_US/careers/JobDetail/Energy-Trading-Trade-Invoicing-Operator/78407,totalenergies,,,"United Arab Emirates, lng, inspection, safety, operations, contracts",2026-08-20 08:44:59,
61,"Construction Superintendent (Civil - Structural Steel), Doha",Airswift,"Doha, Qatar",Qatar,,https://www.airswift.com/jobs/construction-superintendent-civil-structural-steel-1276274,airswift,,,"Qatar, offshore, safety, civil, structural, superintendent",2026-08-21 05:56:16,
61,IT Systems Analyst,Aldelia,"Dubai - United Arab Emirates, Dubai, United Arab Emirates",United Arab Emirates,,https://app.beehire.com/invite/0FqO70HF8,aldelia,,permanent,"United Arab Emirates, hse, safety, integrity, maintenance, manager",2026-08-21 05:20:38,
61,ROV Specialist,Aldelia,Mozambique,Mozambique,,https://app.beehire.com/invite/-j3PlyzFz,aldelia,,permanent,"Mozambique, subsea, drilling, maintenance, operations, project",2026-08-21 05:20:38,
61,Jobs in Engineering & IT,Brunel,Distance,Qatar,,https://www.brunel.net/en/jobs/profiles,brunel,,,"Qatar, quality control, inspection, electrical, engineer, document control, project",2026-08-20 08:50:06,
61,|Energy Trading| Structured Power Contract Support Analyst,TotalEnergies,"ATHENS, Greece",United Arab Emirates,,https://jobs.totalenergies.com/en_US/careers/JobDetail/Energy-Trading-Structured-Power-Contract-Support-Analyst/78500,totalenergies,,,"United Arab Emirates, lng, safety, operations, manager, contracts",2026-08-20 08:44:59,
60,"Project Engineer HSE and Lifting, Afungi",Airswift,"Afungi, Mozambique",Mozambique,,https://www.airswift.com/jobs/project-engineer-hse-and-lifting-1274157,airswift,,,"Mozambique, offshore, hse, safety, engineer, project",2026-08-21 05:56:16,
60,"Sr. Commissioning Engineer, Doha",Airswift,"Doha, Ad Dawhah, Qatar",Qatar,,https://www.airswift.com/jobs/sr.-commissioning-engineer-1274958,airswift,,,"Qatar, offshore, commissioning, safety, engineer",2026-08-21 05:56:16,
60,Start Up Support Senior Production Well Pads Services (Day/Night),Aldelia,Uganda,Uganda,,https://app.beehire.com/invite/fN5LECRRv,aldelia,,fixedTerm,"Uganda, shutdown, hse, safety, operations, production",2026-08-21 05:20:38,
60,Project Manager,Aldelia,"Abidjan, Côte d'Ivoire, Abidjan, Côte d'Ivoire",Ivory Coast,,https://app.beehire.com/invite/5gWXwdvBj,aldelia,,permanent,"Ivory Coast, inspection, hse, civil, production, manager, project",2026-08-21 05:20:38,
60,Welders (TIG / MIG / ARC,Aldelia,Rwanda,Rwanda,,https://app.beehire.com/invite/ih14ym4zM,aldelia,,fixedTerm,"Rwanda, welding, safety, structural, integrity, production",2026-08-21 05:20:38,
60,Cost Control Specialist,Airswift,"Doha, Qatar",Qatar,2026-08-12,https://www.airswift.com/jobs/cost-control-specialist-1278525,airswift,,Contract,"Qatar, maintenance, operations, cost control, procurement, project",2026-08-21 05:56:16,
59,SURF Contract Engineer,Aldelia,Namibia,Namibia,,https://app.beehire.com/invite/3It_3UiFs,aldelia,,fixedTerm,"Namibia, offshore, subsea, engineer, cost control",2026-08-21 05:20:38,
59,Senior Contract Engineer,Aldelia,Mozambique,Mozambique,,https://app.beehire.com/invite/ZjeLxf6Kp,aldelia,,fixedTerm,"Mozambique, lng, engineer, contracts, procurement, project",2026-08-21 05:20:38,
59,Electrical Technician,SBM Offshore,"Luanda, AO, 50307",Angola,2026-08-19,https://careers.sbmoffshore.com/job/Luanda-Electrical-Technician-50307/1369884757/,sbmoffshore,Electrical Offshore,,"Angola, electrical, technician",2026-08-20 08:48:33,
59,Senior Project Manager,Brunel,"Saudi Arabia, Queensland, Australia",Saudi Arabia,2026-08-05,https://www.brunel.net/en/jobs/senior-project-manager-cr-295765,brunel,,FULL_TIME,"Saudi Arabia, commissioning, manager, procurement, project",2026-08-21 05:56:21,
58,Offshore Administrative Coordinator - Oil and Gas,Aldelia,United Arab Emirates,United Arab Emirates,,https://app.beehire.com/invite/ehI-isn90,aldelia,,permanent,"United Arab Emirates, offshore, hse, safety, operations",2026-08-21 05:20:38,
58,Barge Master (Jack-up/JU),Aldelia,United Arab Emirates,United Arab Emirates,,https://app.beehire.com/invite/JuY7M8Jie,aldelia,,fixedTerm,"United Arab Emirates, offshore, hse, safety, operations",2026-08-21 05:20:38,
58,E&P Senior Legal Counsel,TotalEnergies,"ABU DHABI, United Arab Emirates",United Arab Emirates,,https://jobs.totalenergies.com/en_US/careers/JobDetail/E-P-Senior-Legal-Counsel/80368,totalenergies,,,"United Arab Emirates, hse, civil, maintenance, operations, contracts",2026-08-20 08:44:59,
58,Production Technician,SBM Offshore,"Luanda, AO, 50307",Angola,2026-08-19,https://careers.sbmoffshore.com/job/Luanda-Production-Technician-50307/1369883957/,sbmoffshore,Production,,"Angola, production, technician",2026-08-20 08:48:33,
57,Head of Environment and Sustainability,Aldelia,Namibia,Namibia,,https://app.beehire.com/invite/2wr8znEzO,aldelia,,permanent,"Namibia, offshore, quality control, operations, manager",2026-08-21 05:20:38,
57,Retail Projects Engineer,Aldelia,Uganda,Uganda,,https://app.beehire.com/invite/UUiUzKXno,aldelia,,permanent,"Uganda, civil, operations, engineer, contracts, procurement, project",2026-08-21 05:20:38,
57,HSE Contractor Management and Audit Analyst,TotalEnergies,"MAPUTO, Mozambique",Mozambique,,https://jobs.totalenergies.com/en_US/careers/JobDetail/HSE-Contractor-Management-Advisor/83407,totalenergies,,,"Mozambique, hse, safety, contracts, procurement, project",2026-08-20 08:44:59,
57,HSE Data Insights Advisor,bp,South Africa - Johannesburg,South Africa,2026-08-18,https://bpinternational.wd3.myworkdayjobs.com/en-US/bpCareers/job/South-Africa---Johannesburg/HSE-Data-Insights-Advisor_RQ114741-1,bp,,,"South Africa, hse",2026-08-20 08:48:09,
56,"Senior Instrument Field Engineer, NA",Airswift,"NA, Tanzania","Tanzania, Namibia",,https://www.airswift.com/jobs/senior-instrument-field-engineer-1276873,airswift,,,"Tanzania, Namibia, offshore, safety, instrument, engineer",2026-08-21 05:56:16,
56,HSE Officer South Africa,Aldelia,"Midrand, Afrique du Sud, Midrand, Afrique du Sud",South Africa,,https://app.beehire.com/invite/D1Se7_m23,aldelia,,fixedTerm,"South Africa, hse, safety, maintenance, operations",2026-08-21 05:20:38,
56,Carbon Program Director,Aldelia,Uganda,Uganda,,https://app.beehire.com/invite/0887SlxYA,aldelia,,fixedTerm,"Uganda, qa/qc, integrity, manager, project",2026-08-21 05:20:38,
56,FACTORY ELECTRICIANS,Aldelia,Rwanda,Rwanda,,https://app.beehire.com/invite/meZbUXCj6,aldelia,,fixedTerm,"Rwanda, safety, electrical, operations, project, residential",2026-08-21 05:20:38,
56,MACHINE TOOL TECHNICIANS,Aldelia,Rwanda,Rwanda,,https://app.beehire.com/invite/tvv_ZHvLp,aldelia,,fixedTerm,"Rwanda, mechanical, maintenance, production, project, residential",2026-08-21 05:20:38,
56,QA/QC Lead,Aldelia,Mozambique,Mozambique,,https://app.beehire.com/invite/ksEe26n0F,aldelia,,fixedTerm,"Mozambique, qa/qc, inspector, supervisor",2026-08-21 05:20:38,
56,Social Performance Lead (Locals),Aldelia,Namibia,Namibia,,https://app.beehire.com/invite/kJhCoTGq2,aldelia,,permanent,"Namibia, hse, reliability, operations, manager",2026-08-21 05:20:38,
55,Commissioning Planning Engineer,Aldelia,Mozambique,Mozambique,,https://app.beehire.com/invite/Cez4D12_v,aldelia,,fixedTerm,"Mozambique, commissioning, engineer, contracts, project",2026-08-21 05:20:38,
55,Tendering Specialist _ Nigeria (Internal Recruitment),Aldelia,"Lagos, Nigeria, Lagos, Nigeria",Nigeria,,https://app.beehire.com/invite/YcXyTjKxv,aldelia,,permanent,"Nigeria, operations, supervisor, manager, contracts, project",2026-08-21 05:20:38,
55,Indirect Channel Excellence Manager,Shell,Cairo - New Cairo DS,Egypt,2026-08-20,https://shell.wd3.myworkdayjobs.com/en-US/shellcareers/job/Cairo---New-Cairo-DS/Indirect-Channel-Excellence-Manager_R209802,shell,,,"Egypt, manager",2026-08-21 05:23:28,
55,B2C Direct & BIWS Marketing Manager,Shell,Cairo - New Cairo DS,Egypt,2026-08-20,https://shell.wd3.myworkdayjobs.com/en-US/shellcareers/job/Cairo---New-Cairo-DS/B2C-Direct---BIWS-Marketing-Manager_R209780,shell,,,"Egypt, manager",2026-08-21 05:23:28,
55,"Lead, Data Governance",Airswift,"Doha, Qatar",Qatar,2026-07-27,https://www.airswift.com/jobs/lead-data-governance-1277665,airswift,,Contract,"Qatar, integrity, maintenance, operations, contracts",2026-08-21 05:56:16,
54,"Electrical Engineering Specialist, Doha",Airswift,"Doha, Qatar",Qatar,,https://www.airswift.com/jobs/electrical-engineering-specialist-1274896,airswift,,,"Qatar, offshore, safety, electrical",2026-08-21 05:56:16,
54,FPSO Package Project Control Lead PCL,Aldelia,Namibia,Namibia,,https://app.beehire.com/invite/fV49rM0OC,aldelia,,permanent,"Namibia, fpso, cost control, project",2026-08-21 05:20:38,
54,Sales Professional – Production Print & Wide Format Solutions,Aldelia,"Kampala, Uganda, Kampala, Uganda",Uganda,,https://app.beehire.com/invite/oBKDOqi5r,aldelia,,permanent,"Uganda, pipeline, operations, production, procurement",2026-08-21 05:20:38,
54,Project Controls Engineer,Aldelia,Mozambique,Mozambique,,https://app.beehire.com/invite/6KTHtaFBq,aldelia,,fixedTerm,"Mozambique, engineer, procurement, project, rotational",2026-08-21 05:20:38,
54,Production Operator,Aldelia,United Arab Emirates,United Arab Emirates,,https://app.beehire.com/invite/DOjRqnC-b,aldelia,,permanent,"United Arab Emirates, wells, maintenance, operations, production",2026-08-21 05:20:38,
54,EX Inspector,SBM Offshore,"Luanda, AO, 50307",Angola,2026-08-17,https://careers.sbmoffshore.com/job/Luanda-EX-Inspector-50307/1369665057/,sbmoffshore,EX Offshore,,"Angola, inspector",2026-08-20 08:48:33,
54,Offshore Structural Designer,Airswift,"Abu Dhabi, United Arab Emirates",United Arab Emirates,2026-06-25,https://www.airswift.com/jobs/offshore-structural-designer-1276164,airswift,,Contract,"United Arab Emirates, offshore, structural, engineer, project",2026-08-21 05:56:16,
53,Sales Manager,Aldelia,"Douala, Cameroun, Douala, Cameroun",Cameroon,,https://app.beehire.com/invite/34q4HW8NU,aldelia,,permanent,"Cameroon, pipeline, operations, manager, project",2026-08-21 05:20:38,
53,Senior Operation Geologist,Aldelia,Namibia,Namibia,,https://app.beehire.com/invite/QRt8q8Kaz,aldelia,,fixedTerm,"Namibia, offshore, wells, operations",2026-08-21 05:20:38,
53,LPG Trader,TotalEnergies,"DUBAI, United Arab Emirates",United Arab Emirates,,https://jobs.totalenergies.com/en_US/careers/JobDetail/LPG-Trader/83391,totalenergies,,,"United Arab Emirates, hse, integrity, operations",2026-08-20 08:44:59,
53,Maintenance Superintendent,SBM Offshore,"Luanda, AO, 50307 +1 more…",Angola,2026-08-13,https://careers.sbmoffshore.com/job/Luanda-Maintenance-Superintendent-50307/1369398457/,sbmoffshore,Maintenance,,"Angola, maintenance, superintendent",2026-08-20 08:48:33,
52,Procurement Coordinator,Aldelia,"Ouarzazate 45000, Maroc, Ouarzazate, Maroc",Morocco,,https://app.beehire.com/invite/oeDJO1648,aldelia,,permanent,"Morocco, operations, manager, contracts, procurement",2026-08-21 05:20:38,
52,Steel Fabricator,Aldelia,Rwanda,Rwanda,,https://app.beehire.com/invite/ucA9JQ8zp,aldelia,,fixedTerm,"Rwanda, welding, safety, technician",2026-08-21 05:20:38,
52,Operations & Administrative Officer_ Uganda (Internal Recruitment),Aldelia,"Kampala, Uganda, Kampala, Uganda",Uganda,,https://app.beehire.com/invite/R7OK0E1D8b,aldelia,,permanent,"Uganda, operations, manager, contracts, document control",2026-08-21 05:20:38,
52,Office Manager (Accounting),Aldelia,Uganda,Uganda,,https://app.beehire.com/invite/UnR6TdZfw,aldelia,,permanent,"Uganda, maintenance, manager, contracts, project",2026-08-21 05:20:38,
52,Managing Director,TotalEnergies,"WINDHOEK, Namibia","Namibia, South Africa",,https://jobs.totalenergies.com/en_US/careers/JobDetail/Managing-Director-Namibia/83436,totalenergies,,,"Namibia, South Africa, hse, safety, operations",2026-08-20 08:44:59,
52,Visa Officer,SBM Offshore,"Luanda, AO, 50307",Angola,2026-08-19,https://careers.sbmoffshore.com/job/Luanda-Visa-Officer-50307/1369892157/,sbmoffshore,Visa,,Angola,2026-08-20 08:48:33,
51,Geólogo Júnior do Projecto,Aldelia,"Cabo Delgado, Moçambique, Moçambique",Mozambique,,https://app.beehire.com/invite/JZSCiN3Lv,aldelia,,permanent,"Mozambique, qa/qc, quality control",2026-08-21 05:20:38,
51,Project Cost Controller,Aldelia,"Maputo, Mozambique, Maputo, Mozambique",Mozambique,,https://app.beehire.com/invite/j7Gnc6TdH,aldelia,,permanent,"Mozambique, reliability, cost control, project",2026-08-21 05:20:38,
51,Project Manager - Mauritania (Chinese Nationals Only),Aldelia,Mauritanie,Mauritania,,https://app.beehire.com/invite/kRwFdW9Gv,aldelia,,permanent,"Mauritania, operations, manager, procurement, project",2026-08-21 05:20:38,
51,Project Administrator (Client Representative),Aldelia,"Maputo, Mozambique, Maputo, Mozambique",Mozambique,,https://app.beehire.com/invite/5DxZUd5Iw,aldelia,,permanent,"Mozambique, operations, procurement, document control, project",2026-08-21 05:20:38,
51,Store & Logistics Manager,Aldelia,Rwanda,Rwanda,,https://app.beehire.com/invite/SXdCNQw4O,aldelia,,permanent,"Rwanda, integrity, operations, manager",2026-08-21 05:20:38,
51,C&P Local Content Coordinator (Locals/Namibians),Aldelia,Namibia,Namibia,,https://app.beehire.com/invite/WHkMinlTe,aldelia,,permanent,"Namibia, integrity, procurement, residential",2026-08-21 05:20:38,
51,Business Development Manager_ Nigeria (Internal Recruitment),Aldelia,"Lagos, Nigeria, Lagos, Nigeria",Nigeria,,https://app.beehire.com/invite/CcA1hQS4Z,aldelia,,permanent,"Nigeria, pipeline, operations, manager",2026-08-21 05:20:38,
51,Permit to Work Issuing Authority - 3rd party contractor,Aldelia,United Arab Emirates,United Arab Emirates,,https://app.beehire.com/invite/EzKYtj2e4,aldelia,,fixedTerm,"United Arab Emirates, hse, safety, project",2026-08-21 05:20:38,
51,Regional Business Development Manager _ AWA (Internal Recruitment),Aldelia,"Lagos, Nigeria, Lagos, Nigeria",Nigeria,,https://app.beehire.com/invite/7HEo-2Dra,aldelia,,permanent,"Nigeria, pipeline, operations, manager",2026-08-21 05:20:38,
51,Retail Training Assistant,Aldelia,"Kampala, Uganda, Kampala, Uganda",Uganda,,https://app.beehire.com/invite/cfsBBIiv4,aldelia,,permanent,"Uganda, integrity, operations, manager",2026-08-21 05:20:38,
50,"Executive Assistant, Doha",Airswift,"Doha, Qatar",Qatar,,https://www.airswift.com/jobs/executive-assistant-1276740,airswift,,,"Qatar, offshore, safety",2026-08-21 05:56:16,
50,"Senior Telecom Designer (Greenfield), Dubai",Airswift,"Dubai, United Arab Emirates",United Arab Emirates,,https://www.airswift.com/jobs/senior-telecom-designer-greenfield-1274903,airswift,,,"United Arab Emirates, offshore, safety",2026-08-21 05:56:16,
50,"Construction Lead (E&IT) , Sohar",Airswift,"Sohar, Oman",Oman,,https://www.airswift.com/jobs/construction-lead-eit-1270554,airswift,,,"Oman, offshore, safety",2026-08-21 05:56:16,
50,Retail Store Manager,Aldelia,"Kigali, Rwanda, Kigali, Rwanda",Rwanda,,https://app.beehire.com/invite/2BZ37zFjS,aldelia,,permanent,"Rwanda, safety, operations, manager",2026-08-21 05:20:38,
50,Work Permit and Visa Coordinator,Aldelia,"Maputo, Moçambique, Maputo, Moçambique",Mozambique,,https://app.beehire.com/invite/7kkOG0Vgx,aldelia,,permanent,"Mozambique, contracts, project, expat",2026-08-21 05:20:38,
50,Business Developer,Aldelia,"Kigali, Rwanda, Kigali, Rwanda",Rwanda,,https://app.beehire.com/invite/IxZoVfxWCY,aldelia,,fixedTerm,"Rwanda, pipeline, contracts, project",2026-08-21 05:20:38,
50,Environmental Advisor – Upstream,Aldelia,Mozambique,Mozambique,,https://app.beehire.com/invite/QB3ZZ5Hyf,aldelia,,fixedTerm,"Mozambique, hse, manager, project",2026-08-21 05:20:38,
50,Advanced Scaffolders & Supervisors - Guinea Conakry,Aldelia,Guinée,Guinea,,https://app.beehire.com/invite/eAgTof0td,aldelia,,fixedTerm,"Guinea, safety, maintenance, project",2026-08-21 05:20:38,
50,Business Developer _ Ghana (Internal Recruitment),Aldelia,"Accra, Ghana, Accra, Ghana",Ghana,,https://app.beehire.com/invite/OSz_zsS0k,aldelia,,permanent,"Ghana, pipeline, contracts, project",2026-08-21 05:20:38,
50,Comptable,TotalEnergies,"ALGIERS, Algeria",Algeria,,https://jobs.totalenergies.com/en_US/careers/JobDetail/Comptable/83276,totalenergies,,,"Algeria, commissioning, operations",2026-08-20 08:44:59,
49,Deputy Cost Control Manager & Finance Interface,Aldelia,Mozambique,Mozambique,,https://app.beehire.com/invite/ns9rfjL8h,aldelia,,fixedTerm,"Mozambique, manager, cost control, project",2026-08-21 05:20:38,
49,Directeur - Directrice des Opérations,Aldelia,"Tananarive, Madagascar, Tananarive, Madagascar",Madagascar,,https://app.beehire.com/invite/BQpqbZaY9,aldelia,,permanent,"Madagascar, hse, maintenance",2026-08-21 05:20:38,
49,Legal Counsel,Aldelia,Namibia,Namibia,,https://app.beehire.com/invite/ysGGdCEZZ,aldelia,,permanent,"Namibia, operations, manager, contracts",2026-08-21 05:20:38,
49,FORKLIFT & TELEHANDLER OPERATORS,Aldelia,Rwanda,Rwanda,,https://app.beehire.com/invite/SBumpkGZT,aldelia,,fixedTerm,"Rwanda, safety, project, residential",2026-08-21 05:20:38,
49,Operations Coordinator _ Rwanda (Internal Recruitment),Aldelia,"Kigali, Rwanda, Kigali, Rwanda",Rwanda,,https://app.beehire.com/invite/WBR_BEVfs,aldelia,,permanent,"Rwanda, safety, operations, project",2026-08-21 05:20:38,
49,Operations Coordinator _ Guinea Conakry (Internal Recruitment),Aldelia,"Conakry, Guinea, Conakry, Guinea",Guinea,,https://app.beehire.com/invite/jQ_htd7lg,aldelia,,permanent,"Guinea, safety, operations, project",2026-08-21 05:20:38,
49,META HSE&C Advisor,bp,Egypt - Cairo,Egypt,2026-08-05,https://bpinternational.wd3.myworkdayjobs.com/en-US/bpCareers/job/Egypt---Cairo/META-HSE-C-Advisor_RQ114220-1,bp,,,"Egypt, hse",2026-08-20 08:48:09,
48,Business Support Manager,Aldelia,"Kampala, Uganda, Kampala, Uganda",Uganda,,https://app.beehire.com/invite/IAXXMXYta,aldelia,,permanent,"Uganda, operations, manager, project",2026-08-21 05:20:38,
48,Applications Functional Specialist (EAM),Aldelia,United Arab Emirates,United Arab Emirates,,https://app.beehire.com/invite/3lVV2oS6d,aldelia,,permanent,"United Arab Emirates, contracts, procurement, project",2026-08-21 05:20:38,
48,B2B Sales Executive (Re-Advertised),Aldelia,"Kampala, Uganda, Kampala, Uganda",Uganda,,https://app.beehire.com/invite/KoMRyKAFW,aldelia,,permanent,"Uganda, pipeline, contracts",2026-08-21 05:20:38,
48,Field Officer Agronomy,Aldelia,"Masaka, Uganda, Masaka, Uganda",Uganda,,https://app.beehire.com/invite/4OKSEhBeV,aldelia,,permanent,"Uganda, production, manager, project",2026-08-21 05:20:38,
48,Environmental Lead,Aldelia,"Maputo, Mozambique, Maputo, Mozambique",Mozambique,,https://app.beehire.com/invite/IT6P_Rcee,aldelia,,fixedTerm,"Mozambique, manager, procurement, project",2026-08-21 05:20:38,
48,Employee Relations & Experience Manager,TotalEnergies,"JOHANNESBURG, South Africa",South Africa,,https://jobs.totalenergies.com/en_US/careers/JobDetail/Employee-Relations-Experience-Manager-M-F/83224,totalenergies,,,"South Africa, integrity, manager",2026-08-20 08:44:59,
47,Responsable des Ressources Humaines H/F,Aldelia,Madagascar,Madagascar,,https://app.beehire.com/invite/-vyWozeM_,aldelia,,permanent,"Madagascar, inspection, manager",2026-08-21 05:20:38,
47,Responsable des opérations / Agribusiness,Aldelia,Sénégal,Senegal,,https://app.beehire.com/invite/BbvUU5Nnf,aldelia,,,"Senegal, maintenance, production",2026-08-21 05:20:38,
47,Coordinateur HES ( Création de deux postes de Coordinateurs HES),TotalEnergies,"SOUSSE, Tunisia",Tunisia,,https://jobs.totalenergies.com/en_US/careers/JobDetail/Coordinateur-HES-Cr-ation-de-deux-postes-de-Coordinateurs-HES/83390,totalenergies,,,"Tunisia, maintenance, production",2026-08-20 08:44:59,
47,Opérateur Polyvalent D’exploitation au Dépôt HCL Rades,TotalEnergies,"TUNIS, Tunisia",Tunisia,,https://jobs.totalenergies.com/en_US/careers/JobDetail/Op-rateur-Polyvalent-D-exploitation-au-D-p-t-HCL-Rades/80622,totalenergies,,,"Tunisia, maintenance, operations",2026-08-20 08:44:59,
47,Administrative Assistant,TotalEnergies,"GENEVE, Switzerland",United Arab Emirates,,https://jobs.totalenergies.com/en_US/careers/JobDetail/Administrative-Assistant-Fixed-Term-Contract/83184,totalenergies,,,"United Arab Emirates, safety, operations",2026-08-20 08:44:59,
47,Field Based Account Manager B2B,Shell,Cairo - New Cairo DS,Egypt,2026-08-11,https://shell.wd3.myworkdayjobs.com/en-US/shellcareers/job/Cairo---New-Cairo-DS/Field-Based-Account-Manager-B2B_R209052,shell,,,"Egypt, manager",2026-08-20 08:37:15,
46,Performance Engineer,Aldelia,Uganda,Uganda,,https://app.beehire.com/invite/XD3KFRkpd,aldelia,,fixedTerm,"Uganda, operations, engineer",2026-08-21 07:26:40,
46,Document Controller,Aldelia,"Maputo, Mozambique, Maputo, Mozambique",Mozambique,,https://app.beehire.com/invite/8SMJ629cS,aldelia,,permanent,"Mozambique, contracts, document control",2026-08-21 05:20:38,
46,Senior Information Management Specialist,Aldelia,"Dubai - United Arab Emirates, Dubai, United Arab Emirates",United Arab Emirates,,https://app.beehire.com/invite/l_2zqAljQ,aldelia,,permanent,"United Arab Emirates, manager, document control",2026-08-21 05:20:38,
46,Deputy Store Manager (Retail Fashion sector)/Assistant Manager-Karen Mumbi,Aldelia,Kenya,Kenya,,https://app.beehire.com/invite/mP_P66Q2O,aldelia,,fixedTerm,"Kenya, operations, manager",2026-08-21 05:20:38,
46,Deputy Store Manager (Retail Fashion sector)/Assistant Manager-Juliet Kendi,Aldelia,Kenya,Kenya,,https://app.beehire.com/invite/3_Rimzgs0,aldelia,,fixedTerm,"Kenya, operations, manager",2026-08-21 05:20:38,
46,Deputy Store Manager (Retail Fashion sector)/Assistant Manager-John Osongos,Aldelia,Kenya,Kenya,,https://app.beehire.com/invite/s4fWS0cNj,aldelia,,fixedTerm,"Kenya, operations, manager",2026-08-21 05:20:38,
46,Project Induced In-Migration (PIIM) Coordinator,Aldelia,"Cabo Delgado Province, Mozambique, Mozambique",Mozambique,,https://app.beehire.com/invite/OkZwZeDqd,aldelia,,fixedTerm,"Mozambique, supervisor, project",2026-08-21 05:20:38,
46,Deputy Store Manager (Retail Fashion sector)/Assistant Manager-Felix Murithi,Aldelia,Kenya,Kenya,,https://app.beehire.com/invite/L-BWJe84R,aldelia,,fixedTerm,"Kenya, operations, manager",2026-08-21 05:20:38,
46,Team Leader Francophone,Aldelia,"Dakar, Sénégal, Dakar, Sénégal",Senegal,,https://app.beehire.com/invite/wGeQdhJoS,aldelia,,permanent,"Senegal, operations, production",2026-08-21 05:20:38,
46,Legal Associate_ Nigeria (Internal Recruitment),Aldelia,"Lagos, Nigeria, Lagos, Nigeria",Nigeria,,https://app.beehire.com/invite/iNbHTdrms,aldelia,,permanent,"Nigeria, operations, contracts",2026-08-21 05:20:38,
46,ACCOUNT DEVELOPER - LPG,Aldelia,"Kampala, Uganda, Kampala, Uganda",Uganda,,https://app.beehire.com/invite/YJ8Ij3lH0,aldelia,,fixedTerm,"Uganda, safety, project",2026-08-21 05:20:38,
46,Tech Support Consultant (Agricultural Data Collection App),Aldelia,"Kampala, Uganda, Kampala, Uganda",Uganda,,https://app.beehire.com/invite/fxkM-DoTpk6,aldelia,,permanent,"Uganda, operations, manager",2026-08-21 05:20:38,
46,Chargé(e) Production,TotalEnergies,"SOUSSE, Tunisia",Tunisia,,https://jobs.totalenergies.com/en_US/careers/JobDetail/Charg-e-Production/83304,totalenergies,,,"Tunisia, operations, production",2026-08-20 08:44:59,
46,Ordonnanceur/Planificateur,TotalEnergies,Morocco,Morocco,,https://jobs.totalenergies.com/en_US/careers/JobDetail/Ordonnanceur-Planificateur/83199,totalenergies,,,"Morocco, operations, production",2026-08-20 08:44:59,
45,Consultant Business Development - Ghana,Aldelia,Ghana,Ghana,,https://app.beehire.com/invite/DqL5I5AJf,aldelia,,permanent,"Ghana, manager, project",2026-08-21 05:20:38,
45,Business Development Consultant,Aldelia,"Nairobi, Kenya, Nairobi, Kenya",Kenya,,https://app.beehire.com/invite/YccaKu1ef,aldelia,,fixedTerm,"Kenya, manager, project",2026-08-21 05:20:38,
45,Executive Assistant and Admininistrator,Aldelia,Uganda,Uganda,,https://app.beehire.com/invite/MHBvGINm3,aldelia,,permanent,"Uganda, contracts, project",2026-08-21 05:20:38,
45,Business Development Consultant,Aldelia,"Lagos, Nigeria, Lagos, Nigeria",Nigeria,,https://app.beehire.com/invite/aFF8Fw3jQ,aldelia,,fixedTerm,"Nigeria, manager, project",2026-08-21 05:20:38,
45,Finance & Administration Coordinator,Aldelia,"Ouarzazate 45000, Maroc, Ouarzazate, Maroc",Morocco,,https://app.beehire.com/invite/9SZVpFl11,aldelia,,permanent,"Morocco, procurement, project",2026-08-21 05:20:38,
45,Business Development Consultant,Aldelia,"Kumasi, Ghana, Kumasi, Ghana",Ghana,,https://app.beehire.com/invite/U1GqehTj69,aldelia,,fixedTerm,"Ghana, manager, project",2026-08-21 05:20:38,
45,Sales Representative - Agribusiness,Aldelia,"M8VH+6VM, Nyagatare, Rwanda, Nyagatare, Rwanda",Rwanda,,https://app.beehire.com/invite/tlcmMl64A,aldelia,,permanent,"Rwanda, pipeline",2026-08-21 05:20:38,
45,Junior Accountant _Mauritius (Internal Recruitment),Aldelia,"Grand Baie, Mauritius, Grand Baie, Mauritius","Tanzania, Kenya",,https://app.beehire.com/invite/EkXdk4cTr,aldelia,,permanent,"Tanzania, Kenya, reliability",2026-08-21 05:20:38,
45,AP & Treasury Assistant,Aldelia,"Kampala, Uganda, Kampala, Uganda",Uganda,,https://app.beehire.com/invite/QJtZZbJTR,aldelia,,permanent,"Uganda, manager, project",2026-08-21 05:20:38,
45,Corporate Affairs and CSI Manager,TotalEnergies,"JOHANNESBURG, South Africa",South Africa,,https://jobs.totalenergies.com/en_US/careers/JobDetail/Corporate-Affairs-and-CSI-Manager/83225,totalenergies,,,"South Africa, manager, project",2026-08-20 08:44:59,
44,-URGENT- STAGIAIRE_HSE/SMS (H/F),TotalEnergies,"LIBREVILLE, Gabon",Gabon,,https://jobs.totalenergies.com/en_US/careers/JobDetail/URGENT-STAGIAIRE-HSE-SMS-H-F/83221,totalenergies,,,"Gabon, hse, safety, maintenance, production",2026-08-21 05:25:38,
44,Receptionist,Aldelia,Uganda,Uganda,,https://app.beehire.com/invite/tO6eAnJPE,aldelia,,,"Uganda, supervisor",2026-08-21 05:20:38,
44,Supervisor do Armazém de Lubrificantes,Aldelia,"Beira, Mozambique, Beira, Mozambique",Mozambique,,https://app.beehire.com/invite/_CYKImfVx,aldelia,,fixedTerm,"Mozambique, supervisor",2026-08-21 05:20:38,
44,Operador de Armazém de Lubrificantes,Aldelia,"Pemba, Mozambique, Pemba, Mozambique",Mozambique,,https://app.beehire.com/invite/bwcE9fsoE,aldelia,,fixedTerm,"Mozambique, supervisor",2026-08-21 05:20:38,
44,Lubricants Technical Advisor,Shell,Cairo - New Cairo DS,Egypt,2026-08-11,https://shell.wd3.myworkdayjobs.com/en-US/shellcareers/job/Cairo---New-Cairo-DS/Lubricants-Technical-Advisor_R209057,shell,,,Egypt,2026-08-20 08:37:15,
44,Socioeconomic Management & Community Relations Advisor,ExxonMobil,"Lagos, LA, NG, 106104",Nigeria,2026-08-10,https://jobs.exxonmobil.com/job/Lagos-Socioeconomic-Management-&amp;-Community-Relations-Advisor-LA-106104/1417679400/,exxonmobil,Public and Government Affairs,,Nigeria,2026-08-20 08:37:43,
43,Head of Digital & Data,Aldelia,Uganda,Uganda,,https://app.beehire.com/invite/hjdnQL1rF,aldelia,,fixedTerm,"Uganda, operations",2026-08-21 07:26:40,
43,Head of Performance & Reporting,Aldelia,Uganda,Uganda,,https://app.beehire.com/invite/1pVv_cY3C,aldelia,,fixedTerm,"Uganda, operations",2026-08-21 07:26:40,
43,"Operations Manager, None",Airswift,,,,https://www.airswift.com/jobs/operations-manager-1273616,airswift,,,"Africa, GCC, offshore, safety, operations, production, manager, rotational",2026-08-21 05:56:16,rotational
43,"""Urgent"" - Juriste (H/F) - Job detail",TotalEnergies,"TUNIS, Tunisia",Tunisia,,https://jobs.totalenergies.com/en_US/careers/JobDetail/Urgent-Juriste-H-F/79441,totalenergies,,,"Tunisia, civil",2026-08-21 05:25:38,
43,Senior Contracts Advisor,Aldelia,"Dakar, Sénégal, Dakar, Sénégal",Senegal,,https://app.beehire.com/invite/9N-Frgs8M,aldelia,,permanent,"Senegal, contracts",2026-08-21 05:20:38,
43,Regional Commercial Head of Industrial Chemicals,Aldelia,"Abidjan, Côte d'Ivoire, Abidjan, Côte d'Ivoire",Ivory Coast,,https://app.beehire.com/invite/eJ09bgvhH,aldelia,,permanent,"Ivory Coast, operations",2026-08-21 05:20:38,
43,Human Resources Director,Aldelia,"Tananarive, Madagascar, Tananarive, Madagascar",Madagascar,,https://app.beehire.com/invite/2jpHh9Fc5,aldelia,,permanent,"Madagascar, manager",2026-08-21 05:20:38,
43,Accounts Assistant (Maternity Cover),Aldelia,Uganda,Uganda,,https://app.beehire.com/invite/SZz3G1HNR,aldelia,,permanent,"Uganda, production",2026-08-21 05:20:38,
43,Senior Trade Finance and International Operations Specialist,Aldelia,"Maputo, Mozambique, Mozambique",Mozambique,,https://app.beehire.com/invite/_n5FFiw9Y,aldelia,,permanent,"Mozambique, operations",2026-08-21 05:20:38,
43,Deputy Security Manager - Unmanned Aerial System (UAS) & Airspace,Aldelia,Mozambique,Mozambique,,https://app.beehire.com/invite/AW0uIgLbf,aldelia,,fixedTerm,"Mozambique, manager",2026-08-21 05:20:38,
43,HEAD OF ACCOUNTS RECEIVABLE AND TREASURY,Aldelia,"Maputo, Moçambique, Maputo, Moçambique",Mozambique,,https://app.beehire.com/invite/-AsN73CoJ,aldelia,,permanent,"Mozambique, operations",2026-08-21 05:20:38,
43,Key Account Manager - Niger,Aldelia,Niger,Niger,,https://app.beehire.com/invite/TrNcejfgN,aldelia,,permanent,"Niger, manager",2026-08-21 05:20:38,
43,Senior Site Communications Coordinator,Aldelia,"Pemba, Moçambique, Pemba, Moçambique",Mozambique,,https://app.beehire.com/invite/OJ56xb72X,aldelia,,,"Mozambique, production",2026-08-21 05:20:38,
43,"Adjoint Directeur Industriel, Chargé de la 2nd transformation",Aldelia,"Pokola, République du Congo, Pokola, République du Congo",Ethiopia,,https://app.beehire.com/invite/HYdxZ19FZ,aldelia,,permanent,"Ethiopia, production",2026-08-21 05:20:38,
43,CNC Machinists & Lathe Operators,Aldelia,Rwanda,Rwanda,,https://app.beehire.com/invite/mz56aEygi,aldelia,,fixedTerm,"Rwanda, production",2026-08-21 05:20:38,
43,Sales Associates - Retail Sports Fashion experience required-Winnie,Aldelia,"Nairobi, Kenya, Nairobi, Kenya",Kenya,,https://app.beehire.com/invite/mPu7ETF_M,aldelia,,fixedTerm,"Kenya, manager",2026-08-21 05:20:38,
43,Sales Associates - Retail Sports Fashion experience required-Irene,Aldelia,"Nairobi, Kenya, Nairobi, Kenya",Kenya,,https://app.beehire.com/invite/xuUJI9NLd,aldelia,,fixedTerm,"Kenya, manager",2026-08-21 05:20:38,
43,Sales Associates - Retail Sports Fashion experience required (Original),Aldelia,"Nairobi, Kenya, Nairobi, Kenya",Kenya,,https://app.beehire.com/invite/czw3Lfj4P,aldelia,,fixedTerm,"Kenya, manager",2026-08-21 05:20:38,
43,Recruitment Campaign - Various positions in the Fashion and Sportswear Retail Sector,Aldelia,Kenya,Kenya,,https://app.beehire.com/invite/v53udJU3P,aldelia,,permanent,"Kenya, manager",2026-08-21 05:20:38,
43,RETAIL ACADEMY ADMINISTRATOR,Aldelia,"Kampala, Uganda, Kampala, Uganda",Uganda,,https://app.beehire.com/invite/Ija5pc72v,aldelia,,permanent,"Uganda, operations",2026-08-21 05:20:38,
43,Agent de sécurité Dépôt HCL Rades,TotalEnergies,"TUNIS, Tunisia",Tunisia,,https://jobs.totalenergies.com/en_US/careers/JobDetail/Agent-de-s-curit-D-p-t-HCL-Rades/80208,totalenergies,,,"Tunisia, operations",2026-08-20 08:44:59,
43,"""Urgent""",TotalEnergies,"TUNIS, Tunisia",Tunisia,,https://jobs.totalenergies.com/en_US/careers/JobDetail/Urgent-Juriste-H-F/79441,totalenergies,,,"Tunisia, civil",2026-08-20 08:44:59,
43,Ingénieur Projet Supply Chain,TotalEnergies,Morocco,Morocco,,https://jobs.totalenergies.com/en_US/careers/JobDetail/Ing-nieur-Projet-Supply-Chain/83305,totalenergies,,,"Morocco, operations",2026-08-20 08:44:59,
42,Onshore C&P Quantity Surveyor,Aldelia,Mozambique,Mozambique,,https://app.beehire.com/invite/15ryexdM6,aldelia,,fixedTerm,"Mozambique, project",2026-08-21 05:20:38,
40,Administrateur Ressource Humaines (H/F),TotalEnergies,"CONAKRY, Guinea",Guinea,,https://jobs.totalenergies.com/en_US/careers/JobDetail/Administrateur-Ressource-Humaines-H-F/83482,totalenergies,,,Guinea,2026-08-21 05:25:38,
40,INGENIEUR TECHNICO COMMERCIAL,TotalEnergies,"DAKAR, Senegal",Senegal,,https://jobs.totalenergies.com/en_US/careers/JobDetail/INGENIEUR-TECHNICO-COMMERCIAL/83244,totalenergies,,,Senegal,2026-08-21 05:25:38,
40,Emergency & Security Advisor,Aldelia,"Dakar, Sénégal, Dakar, Sénégal",Senegal,,https://app.beehire.com/invite/KE3_QhLVt,aldelia,,permanent,Senegal,2026-08-21 05:20:38,
40,Analista De Dados Junior,Aldelia,"Maputo, Mozambique, Maputo, Mozambique",Mozambique,,https://app.beehire.com/invite/WEryrTAct,aldelia,,permanent,Mozambique,2026-08-21 05:20:38,
40,Técnico de Gestão de Risco Sénior,Aldelia,"Maputo, Moçambique, Maputo, Moçambique",Mozambique,,https://app.beehire.com/invite/hw3euIDqs,aldelia,,permanent,Mozambique,2026-08-21 05:20:38,
40,Payroll Administrator - Mauritius,Aldelia,Maurice,South Africa,,https://app.beehire.com/invite/XiIxE933j,aldelia,,permanent,South Africa,2026-08-21 05:20:38,
40,Directeur d’Agence de Voyage et Tour Opérateur (Transcontinents Madagascar),Aldelia,Madagascar,Madagascar,,https://app.beehire.com/invite/KpTeJwFMO,aldelia,,permanent,Madagascar,2026-08-21 05:20:38,
40,Network Operation Center (NOC) – Tier 1 Specialist,Aldelia,Egypt,Egypt,,https://app.beehire.com/invite/LWEin4lcu,aldelia,,permanent,Egypt,2026-08-21 05:20:38,
40,Junior Recruitment Consultant_ Nigeria (Internal Recruitment),Aldelia,"Lagos, Nigeria, Lagos, Nigeria",Nigeria,,https://app.beehire.com/invite/7KljhGft8,aldelia,,permanent,Nigeria,2026-08-21 05:20:38,
40,Consultant Business Development - Cameroun,Aldelia,"Douala, Cameroon, Douala, Cameroon",Cameroon,,https://app.beehire.com/invite/L6pNtG3HH,aldelia,,permanent,Cameroon,2026-08-21 05:20:38,
40,CHARGE DE GESTION MIDDLE OFFICE GARANTIES H/F,Aldelia,"Abidjan, Côte d'Ivoire, Abidjan, Côte d'Ivoire",Ivory Coast,,https://app.beehire.com/invite/pi8EwMU03,aldelia,,fixedTerm,Ivory Coast,2026-08-21 05:20:38,
40,Junior Recruitment Consultant _ Ghana (Internal Recruitment),Aldelia,"Accra, Ghana, Accra, Ghana",Ghana,,https://app.beehire.com/invite/y0W7O14QQ,aldelia,,permanent,Ghana,2026-08-21 05:20:38,
40,Chauffeurs,Aldelia,"Dakar, Sénégal, Dakar, Sénégal",Senegal,,https://app.beehire.com/invite/ydr5ZbXrm,aldelia,,,Senegal,2026-08-21 05:20:38,
40,Secrétaires BTP,Aldelia,"Dakar, Sénégal, Dakar, Sénégal",Senegal,,https://app.beehire.com/invite/HpfBlpeLT,aldelia,,,Senegal,2026-08-21 05:20:38,
40,Réceptionniste,Aldelia,"Dakar, Sénégal, Dakar, Sénégal",Senegal,,https://app.beehire.com/invite/XJy6M-2RN,aldelia,,,Senegal,2026-08-21 05:20:38,
40,Coursier,Aldelia,"Dakar, Sénégal, Dakar, Sénégal",Senegal,,https://app.beehire.com/invite/tYN_lB1UK,aldelia,,,Senegal,2026-08-21 05:20:38,
40,ASSISTENTE DE CONTROLO DE CREDITO,TotalEnergies,"MAPUTO, Mozambique",Mozambique,,https://jobs.totalenergies.com/en_US/careers/JobDetail/ASSISTENTE-DE-CONTROLO-DE-CREDITO/83449,totalenergies,,,Mozambique,2026-08-20 08:44:59,
40,INGENIEUR TECHNICO COMMERCIAL,TotalEnergies,"DAKAR, Senegal","United Arab Emirates, Senegal",,https://jobs.totalenergies.com/en_US/careers/JobDetail/INGENIEUR-TECHNICO-COMMERCIAL/83244,totalenergies,,,"United Arab Emirates, Senegal",2026-08-20 08:44:59,
40,Software Developer,TotalEnergies,"SOUSSE, Tunisia",Tunisia,,https://jobs.totalenergies.com/en_US/careers/JobDetail/Software-Developer/83255,totalenergies,,,Tunisia,2026-08-20 08:44:59,
37,"IT Strategy & Innovation Manager, Monaco",Airswift,"Monaco, Monaco",,,https://www.airswift.com/jobs/it-strategy-innovation-manager-1275297,airswift,,,"Africa, GCC, offshore, safety, manager, rotational",2026-08-21 05:56:16,rotational
37,"Laboratory Technician II, Caution Bay, Port Moresby",Airswift,,,,https://www.airswift.com/jobs/laboratory-technician-ii-1276712,airswift,,,"Africa, GCC, offshore, safety, technician, rotational",2026-08-21 05:56:16,rotational
30,Shell Graduate Programme 2026 - Qatar,Shell,2 Locations,Qatar,2026-07-22,https://shell.wd3.myworkdayjobs.com/en-US/shellcareers/job/Qatar---Ras-Laffan/Shell-Graduate-Programme-2026---Qatar_R182165,shell,,,Qatar,2026-08-20 08:37:15,
24,Trading Controller,TotalEnergies,"SINGAPORE, Singapore",,,https://jobs.totalenergies.com/en_US/careers/JobDetail/Trading-Controller-External/83461,totalenergies,,,"GCC, operations, contracts",2026-08-20 08:45:54,
24,Trading Controller,TotalEnergies,,,,https://jobs.totalenergies.com/en_US/careers/JobDetail/Trading-Controller-External/83461,totalenergies,,,"GCC, operations, contracts",2026-08-20 08:44:59,
23,Performance & Business Controller,TotalEnergies,"SINGAPORE, Singapore",,,https://jobs.totalenergies.com/en_US/careers/JobDetail/Performance-Business-Controller/83353,totalenergies,,,"GCC, reliability",2026-08-20 08:45:54,
23,Performance & Business Controller,TotalEnergies,,,,https://jobs.totalenergies.com/en_US/careers/JobDetail/Performance-Business-Controller/83353,totalenergies,,,"GCC, reliability",2026-08-20 08:44:59,
19,Castrol Channel Sales Manager Direct DACH (m/f/d),bp,3 Locations,,2026-08-17,https://bpinternational.wd3.myworkdayjobs.com/en-US/bpCareers/job/Germany---Remote/Castrol-Channel-Sales-Manager-Direct-DACH--m-f-d-_RQ114252-1,bp,,,"remote, manager",2026-08-20 08:48:09,remote
11,System Support Technician (On-site environment),bp,US: Non-Office TN,,2026-07-23,https://bpinternational.wd3.myworkdayjobs.com/en-US/bpCareers/job/US-Non-Office-TN/RQ112124-System-Support-Technician--Remote-_RQ112124,bp,,,"remote, technician",2026-08-20 08:48:09,remote
11,System Support Technician (Remote environment),bp,US: Non-Office TN,,2026-07-23,https://bpinternational.wd3.myworkdayjobs.com/en-US/bpCareers/job/US-Non-Office-TN/RQ112126-System-Support-Technician--On-site-_RQ112126,bp,,,"remote, technician",2026-08-20 08:48:09,remote
8,Food Service Lead,bp,6 Locations,,2026-07-22,https://bpinternational.wd3.myworkdayjobs.com/en-US/bpCareers/job/United-States-of-America---Remote/Food-Service-Lead_RQ113892,bp,,,remote,2026-08-20 08:48:09,remote
